ID_Influencer;ID_Category;ID_Pays
1;Spo;2000
2;Fas;2001
2;Mod;2001
2;Bea;2001
3;Spo;2002
3;Fam;2002
4;Mod;2001
4;Fas;2001
5;Mus;2001
5;Lif;2001
6;Cin;2001
6;Act;2001
6;Fas;2001
7;Fas;2001
7;Bea;2001
8;Mus;2001
8;Fas;2001
9;Mus;2001
10;Mus;2001
11;Spo;2003
12;Mus;2004
13;Mus;2004
14;Cin;2001
14;Act;2001
15;Spo;2000
16;;2001
17;;2005
18;Clo;2001
18;Out;2001
18;Lif;2001
19;Mus;2004
19;Bea;2004
20;Mus;2000
21;;2006
22;Mus;2004
23;Mus;2001
23;Bea;2001
24;Mus;2001
25;Mus;2001
25;Fas;2001
26;;2001
27;;2006
28;Cin;2000
28;Act;2000
28;Fit;2000
28;Gym;2000
29;Pho;2000
30;Mus;2000
31;Mus;2001
32;;2006
33;Lif;2001
34;;2001
35;Mus;2001
36;Bea;2000
37;Mus;2001
38;Mus;2003
38;Fas;2003
39;Spo;2001
40;Mus;2001
40;Cin;2001
40;Act;2001
41;Spo;2007
42;Mus;2008
43;Mod;2001
43;Lif;2001
44;Cin;2000
44;Act;2000
45;Fin;2000
45;Eco;2000
45;Bus;2000
45;Car;2000
46;Mus;2004
46;Lif;2004
47;Mus;2008
48;Lif;2001
48;Sho;2001
49;Cin;2009
49;Act;2009
50;Mus;2001
51;Lif;2000
51;Fas;2000
51;Clo;2000
51;Out;2000
52;Cin;2004
52;Act;2004
53;Cin;2001
53;Act;2001
54;Spo;2004
55;Cin;2000
55;Act;2000
56;Mus;2003
57;Cin;2003
57;Act;2003
58;Cin;2000
58;Act;2000
59;Art;2010
59;Art;2010
60;Mus;2000
60;Cin;2000
60;Act;2000
61;Spo;2011
62;Bea;2000
62;Art;2000
62;Art;2000
62;Cin;2000
62;Act;2000
63;Mus;2008
64;Cin;2003
64;Act;2003
64;Mod;2003
65;Cin;2000
65;Act;2000
66;Cin;2003
66;Act;2003
67;Cin;2012
67;Act;2012
68;Mus;2001
69;Mus;2004
70;Hum;2003
70;Fun;2003
70;Hap;2003
71;Cin;2000
71;Act;2000
72;Cin;2001
72;Act;2001
73;Lif;2001
73;Mod;2001
74;Cin;2004
74;Act;2004
74;Mod;2004
74;Lif;2004
75;Clo;2008
75;Out;2008
75;Lif;2008
76;Mus;2004
77;Mus;2003
78;Fam;2000
78;Spo;2000
79;Mus;2003
80;Spo;2003
81;Cin;2000
81;Act;2000
82;Mus;2001
83;Cin;2000
83;Act;2000
84;Spo;2013
85;Cin;2004
85;Act;2004
86;Fit;2000
86;Gym;2000
86;Lif;2000
87;Sci;2000
87;Pho;2000
88;Mod;2001
89;Mus;2004
90;Mus;2001
91;Lif;2010
92;Bea;2001
93;Cin;2000
93;Act;2000
93;Art;2000
93;Art;2000
94;Mus;2004
94;Mod;2004
95;Lit;2001
95;Jou;2001
95;Cin;2001
95;Act;2001
95;Fas;2001
96;Cin;2001
96;Act;2001
97;Fit;2001
97;Gym;2001
97;Sho;2001
97;Ret;2001
97;Clo;2001
97;Out;2001
98;Cin;2009
98;Act;2009
99;Sho;2003
99;Lif;2003
100;Cin;2003
100;Act;2003
101;Mus;2001
102;Spo;2002
103;Cin;2001
103;Act;2001
104;Mod;2002
104;Fam;2002
105;Cin;2003
105;Act;2003
106;Mus;2001
107;Cin;2000
107;Act;2000
107;Mus;2000
107;Sho;2000
108;Spo;2014
109;Spo;2007
110;Mus;2000
111;Cin;2004
111;Act;2004
112;Mus;2001
113;Cin;2010
113;Act;2010
114;Mus;2004
115;;2008
116;Cin;2003
116;Act;2003
117;Spo;2013
118;Mus;2000
119;Mus;2003
120;Mus;2001
120;Cin;2001
120;Act;2001
121;Cin;2000
121;Act;2000
122;Cin;2001
122;Act;2001
123;Mus;2008
124;Cin;2001
124;Act;2001
125;Cin;2000
125;Act;2000
126;Cin;2000
126;Act;2000
127;Cin;2000
127;Act;2000
128;Spo;2003
129;Mus;2003
130;Cin;2003
130;Act;2003
131;Cin;2000
131;Act;2000
132;Mus;2014
133;Spo;2013
134;Cin;2000
134;Act;2000
135;Hum;2008
135;Fun;2008
135;Hap;2008
135;Clo;2008
135;Out;2008
136;Mus;2015
137;Mus;2001
138;Spo;2002
139;Com;2008
139;Gad;2008
140;Sho;2001
140;Hum;2001
140;Fun;2001
140;Hap;2001
141;Spo;2000
141;Lif;2000
142;;2001
143;Spo;2001
143;Fam;2001
144;;2004
145;Spo;2016
146;Spo;2013
147;Cin;2005
147;Act;2005
147;Mus;2005
148;Spo;2003
149;Cin;2003
149;Act;2003
150;Mus;2013
151;Rac;2003
151;Spo;2003
152;Mus;2001
152;Clo;2001
152;Out;2001
153;Mus;2013
154;Lif;2004
155;Lif;2001
155;Sho;2001
156;Fit;2001
156;Gym;2001
157;Cin;2000
157;Act;2000
158;Mus;2001
158;Cin;2001
158;Act;2001
159;Mod;2000
160;Cin;2000
160;Act;2000
161;Cin;2000
161;Act;2000
161;Lif;2000
162;Spo;2013
163;Cin;2003
163;Act;2003
164;Spo;2017
165;Foo;2012
165;Coo;2012
166;Cin;2000
166;Act;2000
167;Cin;2003
167;Act;2003
168;Nat;2001
168;Sci;2001
168;Pho;2001
169;Foo;2012
169;Coo;2012
170;Man;2004
170;Mar;2004
170;Mus;2004
171;Cin;2001
171;Act;2001
172;Clo;2004
172;Out;2004
172;Mus;2004
173;Spo;2013
174;Mod;2003
174;Lif;2003
174;Bea;2003
175;Lif;2008
176;Hum;2001
176;Fun;2001
176;Hap;2001
176;Cin;2001
176;Act;2001
177;Bea;2000
177;Mod;2000
177;Cin;2000
177;Act;2000
178;Mus;2001
179;Mus;2003
180;Cin;2003
180;Act;2003
181;Com;2000
181;Gad;2000
181;Mac;2000
181;Tec;2000
182;Man;2003
182;Mar;2003
182;Mus;2003
183;Fit;2001
183;Gym;2001
184;Cin;2000
184;Act;2000
185;Bus;2004
185;Car;2004
186;Pho;2004
186;Fas;2004
187;Mus;2001
188;Cin;2000
188;Act;2000
189;Mus;2002
190;Fam;2002
190;Mus;2002
191;Cin;2004
191;Act;2004
192;Mod;2001
193;Mus;2008
193;Art;2008
193;Art;2008
193;Cin;2008
193;Act;2008
194;Mus;2001
195;;2003
196;Mus;2008
197;Cin;2000
197;Act;2000
198;Cin;2001
198;Act;2001
199;Spo;2000
200;;2010
201;Cin;2001
201;Act;2001
202;Cin;2003
202;Act;2003
203;Lif;2001
203;Mod;2001
204;Lif;2003
205;Mus;2003
205;Cin;2003
205;Act;2003
205;Mod;2003
206;Mus;2004
207;;2001
208;;2004
209;Spo;2012
210;Cin;2003
210;Act;2003
211;Fam;2009
211;Lif;2009
212;Lif;2003
213;Hum;2004
213;Fun;2004
213;Hap;2004
214;Sho;2009
215;;2004
216;Bea;2000
216;Cin;2000
216;Act;2000
217;Lif;2004
218;Mus;2003
218;Lif;2003
219;Mus;2003
219;Cin;2003
219;Act;2003
220;Mus;2008
221;Cin;2000
221;Act;2000
222;Cin;2000
222;Act;2000
223;Lif;2004
224;Mus;2003
225;Mus;2002
226;Bea;2004
227;Mod;2001
228;Mus;2004
229;Sho;2000
229;Lif;2000
230;Cin;2003
230;Act;2003
230;Fam;2003
231;Mod;2004
232;Cin;2000
232;Act;2000
233;Mus;2004
233;Cin;2004
233;Act;2004
234;Spo;2013
235;Cin;2004
235;Act;2004
236;Mus;2004
237;Cin;2000
237;Act;2000
238;;2004
239;Mus;2003
240;Mus;2004
241;Cin;2000
241;Act;2000
242;Spo;2003
243;Mus;2001
244;Mus;2001
244;Art;2001
244;Art;2001
245;Mus;2003
246;Spo;2003
247;Mus;2010
248;Mus;2003
249;;2001
250;Mod;2008
251;Cin;2000
251;Act;2000
252;;2004
253;Cin;2000
253;Act;2000
254;Lif;2004
255;Sho;2003
255;Hum;2003
255;Fun;2003
255;Hap;2003
256;Lif;2001
256;Cin;2001
256;Act;2001
257;Spo;2018
258;Sho;2004
258;Hum;2004
258;Fun;2004
258;Hap;2004
259;Cin;2000
259;Act;2000
260;Art;2001
260;Art;2001
260;Bea;2001
261;Cin;2000
261;Act;2000
261;Mus;2000
262;Sho;2001
262;Bea;2001
262;Fam;2001
263;Cin;2000
263;Act;2000
263;Mod;2000
264;Bea;2001
265;Mus;2002
266;Cin;2003
266;Act;2003
267;Lif;2000
267;Cin;2000
267;Act;2000
268;Cin;2001
268;Act;2001
269;Mus;2001
270;Mus;2010
271;Mus;2013
272;Spo;2003
273;Mus;2004
274;Mod;2003
275;Cin;2001
275;Act;2001
276;Cin;2001
276;Act;2001
277;Sho;2003
277;Adu;2003
278;Mus;2000
279;Mus;2001
280;Sho;2008
281;Cin;2001
281;Act;2001
281;Mus;2001
282;;2004
283;Cin;2000
283;Act;2000
284;;2004
285;Cin;2004
285;Act;2004
286;Spo;2003
287;Cin;2000
287;Act;2000
288;Spo;2000
288;Lif;2000
289;Sho;2016
289;Cin;2016
289;Act;2016
290;Lif;2004
291;Spo;2013
292;Cin;2009
292;Act;2009
293;Bea;2014
294;Cin;2000
294;Act;2000
294;Com;2000
295;Fin;2001
295;Eco;2001
295;Bus;2001
295;Car;2001
295;Fam;2001
296;Mus;2003
296;Lif;2003
297;Mus;2004
298;Lif;2003
299;Lif;2008
299;Art;2008
299;Art;2008
300;Cin;2001
300;Act;2001
301;Mus;2008
301;Cin;2008
301;Act;2008
302;Bea;2003
303;Spo;2013
304;Mod;2004
305;Cin;2000
305;Act;2000
305;Sho;2000
306;Mod;2009
306;Fas;2009
307;Mus;2003
308;Cin;2012
308;Act;2012
308;Mod;2012
309;Lif;2004
309;Mus;2004
310;Spo;2013
311;Mus;2014
312;Mus;2004
313;Mus;2004
314;Cin;2001
314;Act;2001
315;;2004
316;Hum;2001
316;Fun;2001
316;Hap;2001
317;Cin;2004
317;Act;2004
318;Mus;2003
319;Cin;2001
319;Act;2001
320;Mus;2003
321;Mus;2001
322;Cin;2003
322;Act;2003
323;Lif;2004
324;Mus;2008
324;Cin;2008
324;Act;2008
325;Mus;2019
326;Hum;2001
326;Fun;2001
326;Hap;2001
326;Cin;2001
326;Act;2001
327;Cin;2003
327;Act;2003
328;Cin;2003
328;Act;2003
329;Fit;2009
329;Gym;2009
330;Lif;2003
330;Cin;2003
330;Act;2003
330;Mus;2003
331;Mus;2004
331;Cin;2004
331;Act;2004
331;Mod;2004
332;Mod;2001
332;Cin;2001
332;Act;2001
333;Mus;2003
334;Sho;2009
335;Cin;2001
335;Act;2001
335;Com;2001
335;Sho;2001
336;Sho;2003
336;Cin;2003
336;Act;2003
337;;2004
338;Mus;2001
339;Mus;2020
339;Cin;2020
339;Act;2020
339;Mod;2020
340;Cin;2008
340;Act;2008
341;Lif;2000
341;Art;2000
341;Art;2000
342;Mus;2002
343;Mus;2001
344;Mus;2001
345;Bea;2001
345;Lif;2001
346;;2005
347;;2003
348;Cin;2001
348;Act;2001
348;Mod;2001
349;Lif;2004
350;;2004
351;Mus;2003
352;Mus;2001
352;Art;2001
352;Art;2001
353;Cin;2005
353;Act;2005
354;Spo;2000
355;Lif;2009
355;Bea;2009
356;Sho;2000
356;Hum;2000
356;Fun;2000
356;Hap;2000
357;Spo;2001
358;Cin;2000
358;Act;2000
359;Cin;2001
359;Act;2001
360;;2004
361;Mod;2001
361;Lif;2001
362;Mod;2001
362;Lif;2001
362;Fas;2001
363;;2003
364;Spo;2017
365;Cin;2000
365;Act;2000
366;Lux;2000
366;Car;2000
366;Mot;2000
367;Cin;2000
367;Act;2000
368;;2004
369;Lif;2003
370;Sho;2001
370;Hum;2001
370;Fun;2001
370;Hap;2001
371;Bea;2021
371;Cin;2021
371;Act;2021
371;Fas;2021
372;Mus;2001
373;Sho;2001
373;Cin;2001
373;Act;2001
374;Cin;2012
374;Act;2012
374;Lif;2012
375;Lif;2001
376;;2013
377;Mus;2001
378;Mod;2003
378;Fas;2003
378;Lif;2003
379;Spo;2017
380;Mus;2001
381;Mus;2004
382;Mod;2000
382;Lif;2000
383;Bea;2003
384;Lif;2004
385;Bea;2009
386;Spo;2003
387;Mod;2020
388;Mus;2001
389;Mus;2004
389;Kid;2004
389;Toy;2004
390;Mod;2003
391;Cin;2022
391;Act;2022
392;Mus;2008
393;;2001
394;Mod;2000
394;Cin;2000
394;Act;2000
395;;2003
396;Mus;2001
396;Cin;2001
396;Act;2001
397;Hum;2001
397;Fun;2001
397;Hap;2001
398;Cin;2001
398;Act;2001
399;;2003
400;Bea;2001
400;Fam;2001
400;Lif;2001
401;Lif;2001
401;Mod;2001
402;Mus;2004
403;Spo;2013
404;;2001
405;Mus;2001
405;Fam;2001
406;Bea;2004
407;Lif;2021
408;Cin;2000
408;Act;2000
409;Cin;2004
409;Act;2004
410;Spo;2013
411;Cin;2004
411;Act;2004
411;Mus;2004
412;Mus;2001
413;Sho;2001
413;Cin;2001
413;Act;2001
414;Spo;2017
415;Sho;2008
416;Cin;2000
416;Act;2000
417;Fas;2001
417;Mod;2001
418;Cin;2003
418;Act;2003
419;Bea;2001
420;Mod;2004
421;;2008
422;Pho;2010
422;Hum;2010
422;Fun;2010
422;Hap;2010
423;Mus;2001
423;Cin;2001
423;Act;2001
423;Mod;2001
424;Spo;2001
424;Lif;2001
424;Kid;2001
424;Toy;2001
425;Spo;2023
426;Lif;2008
427;Cin;2000
427;Act;2000
428;Cin;2012
428;Act;2012
429;Cin;2005
429;Act;2005
429;Hum;2005
429;Fun;2005
429;Hap;2005
430;Cin;2000
430;Act;2000
431;Mus;2001
432;Mus;2013
433;Mus;2003
434;Cin;2013
434;Act;2013
435;Spo;2000
436;Cin;2001
436;Act;2001
437;Adu;2001
438;Cin;2000
438;Act;2000
438;Mod;2000
438;Clo;2000
438;Out;2000
439;;2004
440;;2004
441;Cin;2003
441;Act;2003
442;Cin;2000
442;Act;2000
443;Cin;2000
443;Act;2000
444;;2001
445;Com;2001
445;Gad;2001
446;Cin;2003
446;Act;2003
446;Mod;2003
447;Lif;2001
448;Cin;2001
448;Act;2001
449;Cin;2001
449;Act;2001
450;Lif;2024
451;Mus;2016
452;Lif;2003
452;Spo;2003
453;Mod;2001
454;Cin;2001
454;Act;2001
455;Fin;2004
455;Eco;2004
456;Mod;2003
456;Fas;2003
457;Fas;2000
457;Cin;2000
457;Act;2000
458;Cin;2011
458;Act;2011
458;Lif;2011
459;Hum;2003
459;Fun;2003
459;Hap;2003
460;Mus;2001
461;Mus;2003
462;Mus;2004
463;Fit;2001
463;Gym;2001
464;Cin;2004
464;Act;2004
465;Mus;2025
466;Mus;2001
467;Mus;2000
468;Cin;2004
468;Act;2004
469;Hum;2003
469;Fun;2003
469;Hap;2003
470;Sho;2003
470;Cin;2003
470;Act;2003
471;Mus;2002
472;Spo;2005
473;Cin;2000
473;Act;2000
474;Cin;2001
474;Act;2001
475;Cin;2000
475;Act;2000
476;Hum;2006
476;Fun;2006
476;Hap;2006
477;Cin;2000
477;Act;2000
478;;2003
479;;2004
480;Lif;2004
481;Mus;2003
482;Mus;2001
482;Sho;2001
483;Fas;2005
484;Mus;2001
485;Sho;2001
485;Mod;2001
486;Lif;2001
487;Hum;2001
487;Fun;2001
487;Hap;2001
488;;2014
489;Cin;2000
489;Act;2000
489;Mod;2000
490;;2008
491;Mus;2001
491;Fas;2001
492;Lif;2003
493;Mus;2009
493;Fit;2009
493;Gym;2009
493;Lif;2009
494;Spo;2004
495;Spo;2001
496;Fam;2009
496;Lif;2009
497;Mus;2003
498;Spo;2013
499;Mus;2004
500;Mus;2000
501;Cin;2001
501;Act;2001
501;Lif;2001
502;;2003
503;Spo;2013
504;Mus;2001
504;Lif;2001
505;Cin;2003
505;Act;2003
505;Lif;2003
505;Fas;2003
506;Mus;2004
506;Cin;2004
506;Act;2004
507;;2004
508;Sho;2001
508;Hum;2001
508;Fun;2001
508;Hap;2001
509;Mus;2002
510;Lif;2008
511;Cin;2004
511;Act;2004
512;Lif;2004
513;Lif;2001
514;Mus;2001
514;Lif;2001
515;Bus;2000
515;Car;2000
516;Fin;2001
516;Eco;2001
516;Bus;2001
516;Car;2001
516;Fam;2001
517;Mus;2001
517;Cin;2001
517;Act;2001
517;Fas;2001
518;Cin;2001
518;Act;2001
519;Fam;2004
520;Cin;2001
520;Act;2001
521;Art;2001
521;Art;2001
522;;2008
523;;2004
524;Mus;2000
524;Cin;2000
524;Act;2000
525;Cin;2003
525;Act;2003
526;Mus;2001
526;Cin;2001
526;Act;2001
527;Mus;2001
527;Mod;2001
527;Art;2001
527;Art;2001
528;Mus;2001
528;Art;2001
528;Art;2001
528;Cin;2001
528;Act;2001
529;Bea;2001
530;Spo;2013
531;Cin;2001
531;Act;2001
532;;2001
533;Lif;2003
534;Cin;2001
534;Act;2001
535;Fam;2001
535;Lif;2001
535;Sho;2001
536;Spo;2013
537;Lif;2014
538;Sho;2004
538;Bea;2004
538;Lif;2004
539;Mus;2004
540;Cin;2003
540;Act;2003
541;;2001
542;Mus;2003
543;Spo;2017
544;Mus;2000
545;Hum;2000
545;Fun;2000
545;Hap;2000
546;Hum;2001
546;Fun;2001
546;Hap;2001
547;Mus;2001
547;Cin;2001
547;Act;2001
548;Cin;2001
548;Act;2001
549;Cin;2012
549;Act;2012
550;Hum;2001
550;Fun;2001
550;Hap;2001
551;Spo;2017
552;;2004
553;;2004
554;Rac;2014
554;Spo;2014
555;Fam;2003
555;Lif;2003
556;Cin;2003
556;Act;2003
557;;2004
558;Mus;2002
559;Spo;2013
560;Lif;2012
560;Bea;2012
561;Cin;2000
561;Act;2000
562;Mus;2001
563;Cin;2003
563;Act;2003
564;Spo;2013
565;Sho;2016
565;Cin;2016
565;Act;2016
566;Lif;2000
567;;2008
568;Cin;2001
568;Act;2001
569;Bea;2012
570;Spo;2001
571;Com;2000
571;Gad;2000
571;Pho;2000
572;Mac;2003
572;Tec;2003
572;Com;2003
572;Gad;2003
573;Cin;2003
573;Act;2003
574;Spo;2000
575;;2004
576;Cin;2000
576;Act;2000
577;Sho;2004
578;Mus;2000
578;Art;2000
578;Art;2000
579;Mus;2003
579;Art;2003
579;Art;2003
580;;2004
581;Cin;2001
581;Act;2001
582;Cin;2005
582;Act;2005
583;Mus;2001
584;Spo;2026
585;Sho;2001
586;Mus;2020
586;Art;2020
586;Art;2020
586;Cin;2020
586;Act;2020
587;Spo;2001
587;Sho;2001
588;Cin;2001
588;Act;2001
589;Lif;2001
589;Art;2001
589;Art;2001
590;Hum;2003
590;Fun;2003
590;Hap;2003
591;Bea;2001
591;Mod;2001
591;Adu;2001
592;Spo;2005
593;Mus;2000
593;Cin;2000
593;Act;2000
594;Spo;2017
595;Mus;2001
596;Pho;2001
596;Tra;2001
597;Mus;2003
598;Mus;2001
598;Art;2001
598;Art;2001
599;;2000
600;Spo;2003
601;Mus;2019
602;Cin;2001
602;Act;2001
603;;2002
604;Hum;2003
604;Fun;2003
604;Hap;2003
605;Hum;2000
605;Fun;2000
605;Hap;2000
606;Mus;2001
606;Cin;2001
606;Act;2001
607;Cin;2000
607;Act;2000
608;Sho;2016
608;Cin;2016
608;Act;2016
608;Lif;2016
609;Lif;2003
610;Spo;2001
611;Art;2001
611;Art;2001
611;Com;2001
612;Mus;2012
612;Sho;2012
613;Mod;2009
614;Sho;2001
615;Sho;2001
615;Cin;2001
615;Act;2001
616;Mus;2008
617;;2001
618;Mus;2002
619;Spo;2000
619;Lif;2000
620;Lif;2003
620;Mod;2003
621;Lif;2001
621;Mod;2001
621;Fas;2001
622;Art;2004
622;Art;2004
622;Sho;2004
623;Spo;2001
624;;2000
625;Mod;2003
626;Fas;2008
626;Lif;2008
626;Bea;2008
627;Spo;2017
628;Mod;2004
628;Fas;2004
629;Cin;2000
629;Act;2000
630;Mus;2007
630;Lif;2007
631;Spo;2017
632;Mus;2002
633;Ani;2000
634;Sho;2003
635;Sho;2003
635;Cin;2003
635;Act;2003
636;Cin;2001
636;Act;2001
637;Art;2003
637;Art;2003
638;Spo;2027
639;Mus;2004
639;Bea;2004
639;Fas;2004
640;Spo;2001
641;Mus;2000
642;Mod;2000
643;Cin;2021
643;Act;2021
643;Mod;2021
643;Lif;2021
644;Sho;2009
645;Cin;2001
645;Act;2001
646;Cin;2008
646;Act;2008
646;Lif;2008
647;Mus;2004
648;Lif;2000
649;Cin;2012
649;Act;2012
649;Lif;2012
650;Mus;2001
650;Art;2001
650;Art;2001
651;Mus;2004
652;Lif;2008
653;Art;2000
653;Art;2000
653;Cin;2000
653;Act;2000
654;Fas;2003
654;Clo;2003
654;Out;2003
654;Acc;2003
654;Jew;2003
655;Mus;2003
656;Mus;2003
657;Mus;2001
658;Mus;2004
659;Lif;2000
660;;2008
661;Mus;2008
662;Spo;2000
663;Hum;2001
663;Fun;2001
663;Hap;2001
663;Lif;2001
664;Mus;2001
665;Art;2001
665;Art;2001
665;Fas;2001
665;Mod;2001
666;Mod;2001
667;Spo;2003
668;Spo;2026
669;Com;2003
669;Gad;2003
669;Mac;2003
669;Tec;2003
670;Mus;2009
671;Cin;2001
671;Act;2001
672;Lif;2016
672;Bea;2016
673;Spo;2000
674;Spo;2013
675;Fit;2001
675;Gym;2001
676;Com;2001
676;Gad;2001
677;Mus;2002
678;Sho;2003
679;Cin;2013
679;Act;2013
680;Mus;2019
681;Lif;2010
682;Car;2000
682;Mot;2000
683;Lif;2001
684;Spo;2007
685;Lif;2001
686;Cin;2005
686;Act;2005
686;Lif;2005
687;Cin;2003
687;Act;2003
687;Lif;2003
688;Mus;2003
688;Cin;2003
688;Act;2003
688;Fas;2003
689;Lif;2003
689;Cin;2003
689;Act;2003
690;Cin;2003
690;Act;2003
691;Spo;2001
692;Lif;2001
692;Mus;2001
693;;2004
694;Lif;2001
694;Sho;2001
694;Com;2001
694;Gad;2001
695;Lif;2028
696;Bea;2003
697;Cin;2001
697;Act;2001
698;Spo;2001
699;;2004
700;Cin;2003
700;Act;2003
701;Mod;2003
702;Spo;2013
703;Mus;2008
703;Mod;2008
704;Mus;2001
704;Cin;2001
704;Act;2001
705;Cin;2000
705;Act;2000
706;Lif;2000
706;Mod;2000
706;Cin;2000
706;Act;2000
707;Spo;2013
708;Lif;2009
709;;2003
710;Spo;2013
711;Cin;2003
711;Act;2003
712;;2004
713;Cin;2000
713;Act;2000
714;Lif;2001
714;Bea;2001
715;Cin;2000
715;Act;2000
716;Cin;2003
716;Act;2003
717;Lif;2003
718;Com;2013
718;Gad;2013
718;Mac;2013
718;Tec;2013
719;Spo;2002
720;Cin;2000
720;Act;2000
721;Com;2001
721;Gad;2001
721;Mac;2001
721;Tec;2001
722;Lif;2001
723;Lif;2001
724;;2001
725;Bea;2003
726;Mus;2011
726;Cin;2011
726;Act;2011
727;Cin;2000
727;Act;2000
728;Mus;2006
729;Mus;2008
730;Spo;2017
731;Mus;2004
732;;2029
733;Mus;2004
733;Lif;2004
734;Sho;2001
735;Nat;2001
735;Pho;2001
736;Mus;2004
737;Mus;2002
738;Rac;2004
738;Spo;2004
739;Lit;2014
739;Jou;2014
739;Sho;2014
740;Sho;2002
740;Cin;2002
740;Act;2002
741;Lif;2001
742;Cin;2011
742;Act;2011
743;;2003
744;Mus;2021
744;Sho;2021
745;Mus;2003
745;Cin;2003
745;Act;2003
745;Lif;2003
746;Cin;2000
746;Act;2000
747;Mus;2011
748;;2010
749;Rac;2001
749;Spo;2001
750;Sho;2009
750;Fam;2009
751;Lit;2003
751;Jou;2003
751;Tra;2003
751;Coa;2003
752;Mus;2008
753;Mus;2003
754;Pho;2009
755;Fas;2000
755;Mod;2000
756;Cin;2030
756;Act;2030
756;Hum;2030
756;Fun;2030
756;Hap;2030
756;Mod;2030
757;Cin;2001
757;Act;2001
757;Lif;2001
758;Cin;2004
758;Act;2004
758;Lif;2004
759;Lif;2004
760;Mus;2001
761;Fam;2001
761;Fas;2001
761;Mod;2001
762;Cin;2025
762;Act;2025
762;Mod;2025
763;Cin;2004
763;Act;2004
764;Mus;2004
765;Mus;2003
766;Lif;2017
766;Bus;2017
766;Car;2017
767;Bus;2009
767;Car;2009
768;Bea;2001
768;Cin;2001
768;Act;2001
768;Mod;2001
769;Rac;2001
769;Spo;2001
770;Sho;2025
771;;2006
772;Spo;2031
773;Cin;2000
773;Act;2000
774;Lif;2001
774;Mus;2001
775;Lif;2016
775;Bea;2016
776;Rac;2014
776;Spo;2014
777;;2001
778;Car;2005
778;Mot;2005
778;Lux;2005
779;Spo;2003
780;Art;2001
780;Art;2001
780;Cin;2001
780;Act;2001
780;Sho;2001
781;Lux;2001
781;Car;2001
781;Mot;2001
782;Cin;2001
782;Act;2001
782;Lif;2001
783;Fas;2000
783;Mod;2000
784;Spo;2000
785;Mus;2008
786;Mod;2001
786;Lif;2001
786;Fas;2001
787;Mus;2009
787;Sho;2009
787;Cin;2009
787;Act;2009
788;Cin;2012
788;Act;2012
789;Spo;2001
789;Lif;2001
790;Cin;2008
790;Act;2008
791;Spo;2026
792;Cin;2001
792;Act;2001
792;Fit;2001
792;Gym;2001
793;Fit;2001
793;Gym;2001
794;Mus;2004
795;Sho;2009
795;Lif;2009
796;Cin;2004
796;Act;2004
796;Sho;2004
797;Sho;2029
798;Adu;2000
799;Cin;2004
799;Act;2004
800;Mus;2004
801;Mus;2001
801;Cin;2001
801;Act;2001
802;Cin;2000
802;Act;2000
803;;2008
804;Sci;2001
804;Mac;2001
804;Tec;2001
805;Mus;2009
806;Mus;2010
807;Mus;2021
807;Mod;2021
808;;2014
809;;2004
810;Fit;2001
810;Gym;2001
811;Lif;2007
812;;2005
813;Mod;2004
813;Bea;2004
813;Lif;2004
814;;2000
815;Bea;2003
815;Lif;2003
816;Spo;2017
817;Mus;2001
817;Art;2001
817;Art;2001
818;Lif;2004
819;;2001
820;Spo;2017
821;Cin;2000
821;Act;2000
822;;2001
823;Mus;2003
823;Cin;2003
823;Act;2003
824;Cin;2000
824;Act;2000
825;Adu;2014
826;Cin;2004
826;Act;2004
827;Sho;2001
827;Hum;2001
827;Fun;2001
827;Hap;2001
828;Mus;2001
829;Car;2005
829;Mot;2005
830;Mus;2003
830;Cin;2003
830;Act;2003
830;Lif;2003
831;;2000
832;Bus;2000
832;Car;2000
832;Fin;2000
832;Eco;2000
833;Lif;2001
833;Fas;2001
834;Sho;2001
835;Sho;2000
835;Mus;2000
836;Mus;2001
837;;2004
838;Mus;2004
839;Spo;2013
840;Cin;2001
840;Act;2001
841;Lif;2001
842;Sho;2009
843;Mus;2003
844;Spo;2003
845;Lif;2001
846;Lif;2000
846;Mod;2000
847;Sho;2001
848;Fit;2008
848;Gym;2008
849;Adu;2003
850;Lif;2003
851;Cin;2030
851;Act;2030
852;Mus;2001
852;Mod;2001
852;Art;2001
852;Art;2001
853;Hum;2001
853;Fun;2001
853;Hap;2001
854;Cin;2001
854;Act;2001
855;;2008
856;Hum;2001
856;Fun;2001
856;Hap;2001
857;Spo;2001
858;Kid;2004
858;Toy;2004
858;Fam;2004
859;Mus;2001
860;Cin;2012
860;Act;2012
861;Fam;2026
861;Lif;2026
862;;2004
863;Fam;2001
863;D;2001
863;I;2001
863;Y;2001
863;Des;2001
864;Mus;2004
865;Cin;2003
865;Act;2003
865;Lif;2003
866;Mus;2002
867;Cin;2003
867;Act;2003
868;Mod;2004
869;Lif;2008
870;;2008
871;Lif;2003
872;Lif;2009
873;Fam;2017
874;Cin;2003
874;Act;2003
875;Lif;2016
876;Ext;2001
876;Spo;2001
876;Out;2001
876;Rac;2001
876;Spo;2001
877;Lit;2001
877;Jou;2001
877;Fas;2001
878;Mus;2021
878;Cin;2021
878;Act;2021
878;Lif;2021
879;Cin;2003
879;Act;2003
880;Nat;2001
880;Pho;2001
880;Tra;2001
881;Lif;2001
881;Spo;2001
882;;2002
883;Mus;2003
884;Spo;2002
885;Cin;2001
885;Act;2001
885;Lif;2001
886;Bea;2008
887;Mus;2002
888;Spo;2014
888;Lit;2014
888;Jou;2014
889;Cin;2021
889;Act;2021
890;Bea;2007
891;Spo;2012
892;;2005
893;Lit;2003
893;Jou;2003
894;Lif;2008
895;Cin;2013
895;Act;2013
896;Mus;2004
897;Mus;2000
897;Lif;2000
898;Car;2001
898;Mot;2001
898;Lux;2001
898;Rac;2001
898;Spo;2001
899;Mus;2000
900;Mus;2000
900;Cin;2000
900;Act;2000
901;Sho;2001
901;Mod;2001
902;Cin;2001
902;Act;2001
903;Clo;2001
903;Out;2001
903;Sho;2001
903;Ret;2001
904;Sho;2005
905;Mus;2020
906;Cin;2003
906;Act;2003
907;Sho;2001
907;Fit;2001
907;Gym;2001
908;Mus;2001
909;Car;2001
909;Mot;2001
910;Mod;2003
911;Lif;2000
912;Mus;2001
913;Hum;2003
913;Fun;2003
913;Hap;2003
914;Mus;2002
914;Art;2002
914;Art;2002
915;Mus;2009
915;Sho;2009
916;Spo;2001
917;Art;2001
917;Art;2001
917;Fas;2001
917;Mus;2001
918;Mus;2004
918;Lif;2004
919;;2008
920;Spo;2005
921;Sho;2009
922;Lif;2017
922;Spo;2017
923;Sho;2003
923;Cin;2003
923;Act;2003
923;Mod;2003
924;Mus;2001
925;;2003
926;Mus;2001
927;Cin;2014
927;Act;2014
927;Mod;2014
928;Sho;2025
929;Art;2003
929;Art;2003
929;Fas;2003
929;Mod;2003
930;Spo;2003
931;Cin;2000
931;Act;2000
932;;2000
933;;2005
934;Lif;2004
934;Clo;2004
934;Out;2004
935;Spo;2014
936;Clo;2001
936;Out;2001
937;Cin;2001
937;Act;2001
938;Fam;2006
938;Fin;2006
938;Eco;2006
939;Spo;2017
940;Mus;2001
941;Mus;2003
941;Cin;2003
941;Act;2003
941;Lif;2003
942;Mus;2004
943;Mus;2001
944;Spo;2003
945;Mod;2022
946;Lif;2004
947;Mus;2019
948;Cin;2016
948;Act;2016
949;Ext;2003
949;Spo;2003
949;Out;2003
950;Sho;2000
950;Cin;2000
950;Act;2000
951;;2004
952;Cin;2023
952;Act;2023
953;Cin;2012
953;Act;2012
953;Pho;2012
954;Acc;2001
954;Jew;2001
954;Clo;2001
954;Out;2001
954;Fas;2001
955;Cin;2001
955;Act;2001
955;Lif;2001
956;Spo;2014
957;Cin;2010
957;Act;2010
958;Cin;2008
958;Act;2008
959;Adu;2001
960;Adu;2001
961;Spo;2023
962;Mus;2001
962;Art;2001
962;Art;2001
963;Mus;2001
964;Cin;2003
964;Act;2003
964;Lif;2003
965;;2001
966;Hum;2011
966;Fun;2011
966;Hap;2011
967;Pho;2010
967;Lif;2010
968;Fas;2003
969;;2009
970;Spo;2013
971;Mod;2003
971;Lif;2003
972;;2010
973;Spo;2003
974;Lif;2000
974;Spo;2000
975;Lif;2017
976;;2003
977;Mus;2003
977;Art;2003
977;Art;2003
978;Hum;2004
978;Fun;2004
978;Hap;2004
979;Mus;2004
980;Fam;2009
981;Mus;2001
982;Adu;2001
983;Lif;2001
984;Spo;2013
985;Fam;2009
986;Mod;2001
986;Mus;2001
987;Spo;2000
988;Bea;2001
988;Art;2001
988;Art;2001
988;Mod;2001
989;Mus;2008
990;Mus;2001
991;Lit;2001
991;Jou;2001
992;Mus;2008
993;Hum;2003
993;Fun;2003
993;Hap;2003
993;Sho;2003
993;Art;2003
993;Art;2003
994;Mus;2008
995;Sho;2004
996;Lif;2009
996;Mus;2009
996;Mod;2009
997;Spo;2026
998;Fit;2000
998;Gym;2000
999;Art;2000
999;Art;2000
999;Cin;2000
999;Act;2000
1000;Lif;2008
